family,all_files,all_months,train_files,train_months,eligible_provisional
3636hl13,1,1,1,1,False
Unknown,5,3,3,2,False
adload,1,1,0,0,False
aenjaris,58,11,16,4,False
agen,3,3,1,1,False
agensla,11,4,2,2,False
agent,301,14,61,6,True
agentb,1,1,0,0,False
agentdoc,4,1,4,1,False
agentp,31,7,0,0,False
agentst,1,1,1,1,False
agenttesla,14,5,1,1,False
agentwdcr,1,1,1,1,False
agobot,1,1,0,0,False
agqr,5,2,0,0,False
ainslot,38,10,19,4,False
aitinject,27,7,6,2,False
alinaos,6,1,0,0,False
allaple,58,4,58,4,True
almanahe,2,1,0,0,False
alureon,2,2,1,1,False
androm,12,5,6,3,False
androme,2,2,1,1,False
andromeda,2,2,1,1,False
aproposmedia,1,1,1,1,False
asacky,8,6,1,1,False
ashify,26,6,0,0,False
asruex,2,2,0,0,False
atraps,1,1,1,1,False
aupa,1,1,0,0,False
ausiv,88,6,86,4,True
autinject,22,7,9,3,False
autog,3,2,2,1,False
autoit,969,14,468,6,True
autoitinject,13,6,6,3,False
autoitshellinj,1,1,1,1,False
autojhminer,1,1,0,0,False
autorun,712,14,553,6,True
avemaria,3,2,0,0,False
avzx,1,1,0,0,False
azorult,9,5,1,1,False
babonock,1,1,0,0,False
baff,1,1,1,1,False
baffec,1,1,1,1,False
bagsu,1,1,1,1,False
banbra,1,1,1,1,False
bancteian,6,5,4,3,False
bandit,2,1,0,0,False
banker,65,6,2,1,False
bankerx,1,1,1,1,False
banload,152,13,26,5,False
bayrob,1,1,1,1,False
bedep,1,1,1,1,False
beebone,1,1,0,0,False
benjamin,1071,14,163,6,True
berbew,1749,14,400,6,True
bfgt,1,1,0,0,False
bho,19,7,5,3,False
bicone,3,2,3,2,False
bifrose,10,2,0,0,False
bitrep,1,1,1,1,False
bitstealer,3,3,2,2,False
bitwall,1,1,0,0,False
bjlog,1,1,0,0,False
black,2,2,2,2,False
blackfus,2,1,2,1,False
blackmon,6,4,0,0,False
bladabindi,491,14,336,6,True
blamon,9,4,2,1,False
blihan,11,5,4,1,False
blocker,285,14,73,6,True
bluteal,1,1,1,1,False
bobax,1,1,1,1,False
botgor,50,7,38,5,False
bq,2,2,2,2,False
brontok,16,8,14,6,False
browserpassview,1,1,1,1,False
brsecmon,1,1,0,0,False
brsecmone,2,2,0,0,False
bublik,1,1,0,0,False
bulta,9,4,8,3,False
bundpil,1,1,1,1,False
bunitu,2,2,0,0,False
bypassuac,1,1,0,0,False
bzub,7,5,5,4,False
cabren,1,1,1,1,False
cambot,47,10,23,5,False
capsfin,2,1,2,1,False
carberp,14,3,14,3,False
cardspy,5,3,1,1,False
casur,6,3,6,3,False
caynamer,7,1,0,0,False
ceatrg,1,1,0,0,False
ceeinject,1169,14,146,6,True
cenjonsla,1,1,1,1,False
cerber,5,3,5,3,False
cheval,2,1,2,1,False
chir,24,3,24,3,False
cinkel,2,2,2,2,False
citeary,3,3,1,1,False
clampi,1,1,0,0,False
cleaman,1,1,1,1,False
clipbanker,1,1,1,1,False
cobalt,1,1,0,0,False
coinbitminer,1,1,1,1,False
coinminer,249,13,50,6,True
coinstealer,4,4,3,3,False
comisproc,1,1,1,1,False
conjar,1,1,0,0,False
coolvidoor,1,1,0,0,False
copali,1,1,0,0,False
cordis,1,1,0,0,False
cosmicduke,57,3,0,0,False
cosmu,3,3,2,2,False
creprote,2,2,2,2,False
cridex,4,2,0,0,False
crypterx,1,1,0,0,False
cryptinject,192,13,111,5,True
cryptodef,3,2,2,1,False
cryptominer,64,12,18,5,False
cryptran,1,1,0,0,False
crysan,4,3,1,1,False
crysis,1,1,0,0,False
cuegoe,6,4,3,3,False
cutwail,1,1,0,0,False
cve-2017-0147,1,1,1,1,False
dacic,2,2,2,2,False
dalexis,2,1,2,1,False
danabot,4,2,0,0,False
dapato,58,9,12,5,False
darkkomet,25,9,8,3,False
darkshell,4,1,0,0,False
daws,12,8,6,4,False
dbot,16,2,0,0,False
dcstl,3,2,0,0,False
debris,1,1,1,1,False
delf,817,13,228,5,True
delfiles,9,5,5,4,False
delfinject,6,6,1,1,False
delphi,13,10,4,3,False
dexter,1,1,0,0,False
dibizor,1,1,1,1,False
dinwod,2057,14,1124,6,True
discord,8,5,1,1,False
ditertag,105,10,82,6,True
dllcheck,7,3,0,0,False
dofoil,37,9,26,5,False
dorifel,2,2,0,0,False
dorkbot,1,1,0,0,False
dorv,167,12,103,6,True
dotdo,1,1,1,1,False
downloader,3,2,3,2,False
dreidel,1,1,0,0,False
dridex,10,3,9,2,False
drolnux,920,14,32,6,False
dropperx,4,4,0,0,False
dumpy,1,1,0,0,False
duptwux,71,14,32,6,False
dustylog,15,7,4,4,False
dwonk,2,2,0,0,False
dxmstrt,10,3,7,2,False
dynamer,18,6,14,2,False
dyzap,1,1,1,1,False
eggnog,157,12,13,4,False
ekstak,1,1,0,0,False
electron,1,1,0,0,False
elenoocka,27,7,1,1,False
emdup,4,2,4,2,False
emelent,2,1,2,1,False
emogen,10,5,6,3,False
emotet,56,13,18,5,False
emptybuilder,1,1,1,1,False
enterak,2,1,0,0,False
eqtonex,5,4,2,2,False
execution,1,1,0,0,False
explorerhijack,2,2,1,1,False
eyestye,5,3,1,1,False
facido,2,2,2,2,False
fadok,10,6,8,4,False
fakeav,509,10,5,3,False
fakefolder,12,4,12,4,False
fareit,66,11,35,5,False
fareitvb,6,3,2,1,False
farfli,18,7,3,2,False
fasong,198,14,100,6,True
fearso,48,6,35,5,False
fignotok,1,1,0,0,False
filecoder,8,1,0,0,False
filecoderkrypt,8,1,0,0,False
filecrypter,8,1,0,0,False
finfish,1,1,0,0,False
fipeg,3,2,3,2,False
firstinj,1,1,0,0,False
fleercivet,5,1,0,0,False
floxif,2,2,1,1,False
flyagent,3,3,2,2,False
flystudio,4,3,4,3,False
foreign,3,2,0,0,False
formbook,3,1,0,0,False
fraudrop,1,1,0,0,False
fuerboos,311,11,299,6,True
fuery,47,7,36,5,False
fujacks,2,1,2,1,False
fukru,2,1,2,1,False
fynloski,12,4,2,1,False
gamarue,20,8,11,4,False
gamehack,1,1,1,1,False
gamup,5,2,0,0,False
gandcrab,957,14,446,6,True
gandcrypt,66,11,14,5,False
ganelp,2232,14,274,6,True
gaobot,1,1,1,1,False
gate,1,1,1,1,False
gbot,46,8,4,2,False
gc13003b,1,1,1,1,False
gc280075,4,2,3,1,False
genasep,1,1,1,1,False
genasom,1,1,0,0,False
gendwndrop,4,3,1,1,False
generic,1,1,0,0,False
gepys,1124,14,660,6,True
gi0704e5,5,1,5,1,False
gigex,5,3,4,2,False
gimemo,1,1,0,0,False
glupteba,132,12,17,5,False
golroted,1,1,1,1,False
gosys,2,1,0,0,False
gozi,13,3,0,0,False
goznym,6,2,1,1,False
graftor,1,1,1,1,False
grandcrab,44,8,31,6,False
gratem,1,1,0,0,False
gravityrat,1,1,1,1,False
gupboot,98,11,69,6,True
gyepis,1,1,0,0,False
hancitor,1,1,0,0,False
hematite,1,1,0,0,False
histboader,1,1,1,1,False
hpbladabi,1,1,1,1,False
hpcerber,1,1,0,0,False
hpgandcrab,3,3,3,3,False
hpgen,1,1,1,1,False
hpkasidet,1,1,0,0,False
hupigon,28,8,9,4,False
hynamer,3,2,0,0,False
icedid,5,4,3,2,False
imestartup,2,2,2,2,False
imwee,1,1,1,1,False
inject,1,1,0,0,False
injector,58,14,32,6,False
installcore,1,1,1,1,False
invader,38,5,7,2,False
ipamor,24,2,24,2,False
ircbot,271,11,19,4,False
istartsurf,1,1,1,1,False
iyeclore,1,1,0,0,False
jacard,2,1,0,0,False
jigsaw,1,1,0,0,False
jomloon,1,1,0,0,False
juched,51,13,26,6,False
jushed,5,4,0,0,False
kaicorn,1,1,1,1,False
kanav,6,3,5,2,False
kapucen,1,1,0,0,False
kazy,1,1,1,1,False
keylogger,2,2,1,1,False
killav,2,1,0,0,False
killfiles,10,6,8,4,False
kimad,3,1,3,1,False
kirts,42,2,11,1,False
klez,18,4,14,3,False
klone,8,4,5,2,False
koceg,19,4,19,4,False
koobface,1,1,0,0,False
korpode,1,1,1,1,False
kovter,1,1,0,0,False
kpot,1,1,0,0,False
krap,5,3,4,2,False
krol,1,1,1,1,False
kryptik,11,3,10,2,False
kuhaname,1,1,0,0,False
kuluoz,6,3,4,2,False
kwbot,41,2,0,0,False
lamer,1,1,1,1,False
laqma,6,4,6,4,False
launcher,2,1,2,1,False
ldpinch,1,1,1,1,False
leivion,1,1,0,0,False
lightmoon,13,5,5,3,False
limerat,3,2,0,0,False
lmir,10,5,5,2,False
lnkwinkap,1,1,0,0,False
locky,1,1,1,1,False
lokibot,24,5,0,0,False
lolbot,6,4,4,2,False
lore,1,1,1,1,False
loring,17,1,0,0,False
ludbaruma,4,4,0,0,False
lunam,379,10,241,6,True
lydra,1,1,1,1,False
macoute,6,4,0,0,False
madangel,1,1,1,1,False
maener,14,5,1,1,False
magania,16,5,9,3,False
malagent,1,1,1,1,False
malautoit,1,1,0,0,False
malex,14,5,13,4,False
malware,2,1,0,0,False
malwarex,1,1,0,0,False
mandaph,1,1,1,1,False
mansabo,1,1,1,1,False
masson,1,1,1,1,False
matsnu,1,1,0,0,False
meterpreter,27,9,5,3,False
mewsei,1,1,1,1,False
midie,3,1,0,0,False
ming,2,2,2,2,False
miniduke,13,4,2,2,False
mintluks,670,4,0,0,False
mira,1960,14,855,6,True
miras,13,6,8,3,False
miuref,8,4,7,3,False
moarider,17,5,3,1,False
mocrt,80,10,66,6,True
mofksys,53,11,42,6,False
mokes,1,1,0,0,False
moonlight,15,4,15,4,False
msposer,6,4,4,3,False
muldrop,5,2,5,2,False
musecador,1054,12,675,6,True
mydoom,303,14,52,6,True
nabucur,1,1,0,0,False
nagoot,1,1,0,0,False
nanobot,1,1,1,1,False
nanocore,40,8,4,2,False
necast,1,1,0,0,False
neconyd,12,3,12,3,False
nemptycrypt,1,1,0,0,False
neshta,1,1,1,1,False
netmail,12,7,7,4,False
netstream,1,1,1,1,False
netwalker,1,1,0,0,False
netwire,6,3,5,2,False
nitol,165,14,76,6,True
nivdort,4,1,4,1,False
njrat,1,1,0,0,False
noancooe,16,6,14,5,False
nofear,13,2,0,0,False
nohad,2,2,1,1,False
nuj,7,2,0,0,False
nymaim,8,5,2,2,False
oberal,22,6,5,2,False
obfuscator,28,9,22,6,False
obvod,50,4,3,1,False
occamy,156,12,60,6,True
omaneat,21,2,21,2,False
onlinegames,8,4,4,2,False
orbus,2,2,0,0,False
pabin,2,2,0,0,False
padodor,715,14,428,6,True
pakes,3,2,2,1,False
palevo,2,2,1,1,False
pariham,2,2,2,2,False
pasgen,1,1,0,0,False
pcclient,1,1,0,0,False
pcclient2,1,1,0,0,False
pepm,1,1,0,0,False
perseus,2,1,0,0,False
petya,2,2,0,0,False
phires,1,1,0,0,False
phishbank,29,7,2,2,False
phoetel,1,1,1,1,False
phorpiex,15,3,14,2,False
picsys,575,14,283,6,True
pidgeon,1,1,1,1,False
pistolar,13,5,4,2,False
pkeylog,5,2,5,2,False
pkprn,1,1,0,0,False
plite,71,9,33,6,False
plugx,23,7,14,4,False
pluto,115,13,67,6,True
pochi,1,1,0,0,False
poison,10,4,1,1,False
ponystealer,3,2,0,0,False
pornoasset,25,6,9,2,False
portop,1,1,1,1,False
poullight,1,1,0,0,False
ppatre,6,6,2,2,False
predator,3,2,0,0,False
prepscram,7,5,1,1,False
presenoker,1,1,1,1,False
prorat,1,1,0,0,False
protux,11,7,4,3,False
provis,6,2,6,2,False
pterodo,11,6,10,5,False
pulcare,1,1,0,0,False
pulobe,1,1,0,0,False
puwaders,2,1,2,1,False
pwszbot,34,8,27,5,False
pyagst,1,1,0,0,False
pykse,1,1,0,0,False
pykspa,303,13,51,5,True
qakbot,42,5,3,1,False
qbot,9,2,0,0,False
qhosts,1,1,1,1,False
qlowzones,51,8,41,5,False
qqpass,292,14,222,6,True
quackbot,8,4,8,4,False
quasarrat,9,6,2,1,False
qukart,823,7,2,1,False
racealer,13,4,0,0,False
randrew,9,3,9,3,False
ranos,2,2,1,1,False
ransomx,1,1,0,0,False
ranumbot,2,1,0,0,False
rbot,2,2,2,2,False
rebhip,10,7,3,3,False
recodrop,1,1,0,0,False
redaman,1,1,1,1,False
redosdru,1,1,1,1,False
registrydisabler,1,1,1,1,False
ren,5,2,5,2,False
renamer,1,1,0,0,False
rescoms,6,3,3,2,False
revenge,1,1,0,0,False
revengerat,1,1,0,0,False
reveton,1,1,1,1,False
revetrat,11,3,10,2,False
rifdoor,13,8,9,5,False
rikihaki,2,2,0,0,False
rimecud,2,2,1,1,False
ritros,1,1,1,1,False
roxer,1,1,1,1,False
rpcdcom,11,2,11,2,False
ryuk,1,1,1,1,False
ryzerlo,1,1,0,0,False
sagent,4,3,0,0,False
sakurel,42,9,9,3,False
salgorea,240,11,20,4,False
scar,2,2,1,1,False
senta,41,7,0,0,False
sephish,1,1,1,1,False
sessa,2,2,1,1,False
sfone,4729,14,318,6,True
shade,1,1,0,0,False
shakblades,3,2,1,1,False
shampel,3,2,2,1,False
shaosmine,4,2,4,2,False
shifu,131,13,42,5,False
shipup,5,4,1,1,False
shyape,3,1,0,0,False
sillyfdc,21,5,21,5,False
sillyp2p,1616,14,358,6,True
sillysharecopy,1,1,0,0,False
sillywnse,47,5,0,0,False
simbot,28,9,16,4,False
simda,85,13,41,6,False
sirefef,1,1,0,0,False
sisbot,10,4,2,2,False
sisproc,1,1,0,0,False
sivis,34,3,34,3,False
sixer,1,1,1,1,False
skeeeyah,67,10,44,5,False
skeeyah,70,11,49,6,False
small,3339,14,958,6,True
smokeloader,868,11,18,4,False
socelars,1,1,0,0,False
sockhp,1,1,0,0,False
socks,89,9,84,6,True
sodinokibi,3,1,0,0,False
sohana,1,1,1,1,False
sohanad,2,2,0,0,False
soltern,296,12,70,6,True
somhoveran,3,3,0,0,False
spiliwan,1,1,1,1,False
spyagent,1,1,0,0,False
spyeyes,2,2,0,0,False
starter,8,5,4,3,False
startpage,62,7,6,3,False
stealer,3,3,1,1,False
stop,1,1,0,0,False
stormattack,1,1,1,1,False
stormser,212,10,175,6,True
stration,158,13,31,6,False
stratnil,1,1,0,0,False
svhoder,2,2,2,2,False
swisyn,2,2,0,0,False
swrort,3,3,0,0,False
sysn,1,1,1,1,False
systex,31,7,8,4,False
systro,17,6,15,4,False
sytro,319,14,188,6,True
teerac,1,1,1,1,False
tepfer,1,1,0,0,False
tescrypt,83,5,83,5,True
tiggre,66,9,35,5,False
tinba,23,5,19,3,False
tiny,15,7,7,3,False
tinyloader,2,2,2,2,False
tockt,1,1,1,1,False
tofsee,362,12,13,4,False
toobpug,16,3,0,0,False
toraldrop,12,3,0,0,False
torrentlocker,2,2,0,0,False
trickbot,13,6,9,3,False
trickbotcrypt,1,1,0,0,False
trickster,21,3,21,3,False
trickybot,3,1,3,1,False
trojan,16,7,2,2,False
trojanx,2,2,1,1,False
turkojan,2,2,2,2,False
uacskip,1,1,1,1,False
ulise,5,3,3,2,False
ulises,2,1,0,0,False
ulpm,1,1,0,0,False
unknown,2,1,2,1,False
unruy,865,14,286,6,True
unwaders,5,3,5,3,False
upantix,83,10,10,3,False
upatre,3901,14,1791,6,True
uphosyfs,8,3,1,1,False
urelas,677,14,349,6,True
ursnif,43,10,16,6,False
ursumdtac,11,1,0,0,False
userstartup,1,1,1,1,False
uwasson,1,1,1,1,False
vawtrak,1,1,1,1,False
vb,80,10,71,6,True
vbclone,45,6,43,5,False
vbinder,13,6,1,1,False
vbinject,12,8,7,5,False
vbkrypt,2,2,1,1,False
vbna,7,4,1,1,False
vbot,1,1,0,0,False
verst,1,1,1,1,False
vflooder,438,14,82,6,True
victy,1,1,0,0,False
vigorf,18,5,11,2,False
vigua,1,1,0,0,False
viking,3,1,3,1,False
vilsel,32,7,26,4,False
vindor,6,3,6,3,False
virtob,1,1,1,1,False
virut,7,2,7,2,False
vmprotbad,2,2,1,1,False
vobfus,176,13,103,6,True
vools,1,1,1,1,False
vtflooder,76,9,16,4,False
vundo,1,1,1,1,False
wabot,3673,14,756,6,True
wacapew,5,4,1,1,False
wacatac,4694,14,3311,6,True
wadhrama,1,1,0,0,False
waledac,1,1,0,0,False
wanna,4,3,4,3,False
wannacry,1,1,0,0,False
wannacrypt,5,5,2,2,False
warezov,3,2,2,1,False
waski,2,2,1,1,False
wbna,2,1,0,0,False
win32,10,8,4,3,False
wkysol,1,1,1,1,False
wmnfrbptjsmib,1,1,0,0,False
woreflint,2,2,0,0,False
worgtop,1,1,0,0,False
worm,2,2,2,2,False
xegumumune,1,1,0,0,False
xiaobaminer,7,3,7,3,False
xolxo,3,3,3,3,False
xorist,3,2,0,0,False
xtrat,3,1,3,1,False
yakes,6,3,0,0,False
ymacco,29,5,0,0,False
yoddos,14,5,2,2,False
yoof,5,2,4,1,False
yunsip,17,1,17,1,False
zaccess,2,2,0,0,False
zbot,473,14,112,6,True
zegost,50,11,10,4,False
zemot,5,4,1,1,False
zenpak,2,2,0,0,False
zonidel,1,1,0,0,False
