family_a,support_a,family_b,support_b,similarity
Unknown,5,unknown,2,100.0
pcclient,1,pcclient2,1,94.12
trickbot,13,trickybot,3,94.12
vflooder,438,vtflooder,76,94.12
gandcrab,957,grandcrab,44,94.12
brsecmon,1,brsecmone,2,94.12
malware,2,malwarex,1,93.33
skeeeyah,67,skeeyah,70,93.33
trojan,16,trojanx,2,92.31
sohana,1,sohanad,2,92.31
banker,65,bankerx,1,92.31
androm,12,androme,2,92.31
agent,301,sagent,4,90.91
systro,17,sytro,319,90.91
agent,301,agentb,1,90.91
agent,301,agentp,31,90.91
ulise,5,ulises,2,90.91
wannacry,1,wannacrypt,5,88.89
gandcrab,957,hpgandcrab,3,88.89
aitinject,27,autinject,22,88.89
mira,1960,miras,13,88.89
agen,3,agent,301,88.89
androme,2,andromeda,2,87.5
puwaders,2,unwaders,5,87.5
sagent,4,spyagent,1,85.71
cerber,5,hpcerber,1,85.71
dynamer,18,hynamer,3,85.71
coinbitminer,1,coinminer,249,85.71
autinject,22,autoitinject,13,85.71
fareit,66,fareitvb,6,85.71
inject,1,injector,58,85.71
aitinject,27,autoitinject,13,85.71
blackmon,6,blamon,9,85.71
trojan,16,turkojan,2,85.71
qakbot,42,quackbot,8,85.71
inject,1,vbinject,12,85.71
grandcrab,44,hpgandcrab,3,84.21
agentb,1,agentp,31,83.33
agobot,1,nagoot,1,83.33
agent,301,agentst,1,83.33
cridex,4,dridex,10,83.33
agobot,1,gaobot,1,83.33
agentp,31,sagent,4,83.33
agentb,1,sagent,4,83.33
juched,51,jushed,5,83.33
simbot,28,sisbot,10,83.33
ppatre,6,upatre,3901,83.33
agensla,11,agenttesla,14,82.35
revenge,1,revengerat,1,82.35
bitstealer,3,stealer,3,82.35
agentdoc,4,agentwdcr,1,82.35
coinstealer,4,ponystealer,3,81.82
agen,3,pasgen,1,80.0
agen,3,sagent,4,80.0
agen,3,agentb,1,80.0
agen,3,agentp,31,80.0
caynamer,7,hynamer,3,80.0
caynamer,7,dynamer,18,80.0
ceeinject,1169,inject,1,80.0
autoit,969,malautoit,1,80.0
autinject,22,inject,1,80.0
baff,1,baffec,1,80.0
aitinject,27,inject,1,80.0
androm,12,andromeda,2,80.0
agobot,1,gbot,46,80.0
pakes,3,yakes,6,80.0
ircbot,271,rbot,2,80.0
gate,1,gratem,1,80.0
gaobot,1,gbot,46,80.0
kwbot,41,wabot,3673,80.0
qakbot,42,qbot,9,80.0
trojanx,2,turkojan,2,80.0
