family,support
3636hl13,1
Unknown,5
adload,1
aenjaris,58
agen,3
agensla,11
agent,301
agentb,1
agentdoc,4
agentp,31
agentst,1
agenttesla,14
agentwdcr,1
agobot,1
agqr,5
ainslot,38
aitinject,27
alinaos,6
allaple,58
almanahe,2
alureon,2
androm,12
androme,2
andromeda,2
aproposmedia,1
asacky,8
ashify,26
asruex,2
atraps,1
aupa,1
ausiv,88
autinject,22
autog,3
autoit,969
autoitinject,13
autoitshellinj,1
autojhminer,1
autorun,712
avemaria,3
avzx,1
azorult,9
babonock,1
baff,1
baffec,1
bagsu,1
banbra,1
bancteian,6
bandit,2
banker,65
bankerx,1
banload,152
bayrob,1
bedep,1
beebone,1
benjamin,1071
berbew,1749
bfgt,1
bho,19
bicone,3
bifrose,10
bitrep,1
bitstealer,3
bitwall,1
bjlog,1
black,2
blackfus,2
blackmon,6
bladabindi,491
blamon,9
blihan,11
blocker,285
bluteal,1
bobax,1
botgor,50
bq,2
brontok,16
browserpassview,1
brsecmon,1
brsecmone,2
bublik,1
bulta,9
bundpil,1
bunitu,2
bypassuac,1
bzub,7
cabren,1
cambot,47
capsfin,2
carberp,14
cardspy,5
casur,6
caynamer,7
ceatrg,1
ceeinject,1169
cenjonsla,1
cerber,5
cheval,2
chir,24
cinkel,2
citeary,3
clampi,1
cleaman,1
clipbanker,1
cobalt,1
coinbitminer,1
coinminer,249
coinstealer,4
comisproc,1
conjar,1
coolvidoor,1
copali,1
cordis,1
cosmicduke,57
cosmu,3
creprote,2
cridex,4
crypterx,1
cryptinject,192
cryptodef,3
cryptominer,64
cryptran,1
crysan,4
crysis,1
cuegoe,6
cutwail,1
cve-2017-0147,1
dacic,2
dalexis,2
danabot,4
dapato,58
darkkomet,25
darkshell,4
daws,12
dbot,16
dcstl,3
debris,1
delf,817
delfiles,9
delfinject,6
delphi,13
dexter,1
dibizor,1
dinwod,2057
discord,8
ditertag,105
dllcheck,7
dofoil,37
dorifel,2
dorkbot,1
dorv,167
dotdo,1
downloader,3
dreidel,1
dridex,10
drolnux,920
dropperx,4
dumpy,1
duptwux,71
dustylog,15
dwonk,2
dxmstrt,10
dynamer,18
dyzap,1
eggnog,157
ekstak,1
electron,1
elenoocka,27
emdup,4
emelent,2
emogen,10
emotet,56
emptybuilder,1
enterak,2
eqtonex,5
execution,1
explorerhijack,2
eyestye,5
facido,2
fadok,10
fakeav,509
fakefolder,12
fareit,66
fareitvb,6
farfli,18
fasong,198
fearso,48
fignotok,1
filecoder,8
filecoderkrypt,8
filecrypter,8
finfish,1
fipeg,3
firstinj,1
fleercivet,5
floxif,2
flyagent,3
flystudio,4
foreign,3
formbook,3
fraudrop,1
fuerboos,311
fuery,47
fujacks,2
fukru,2
fynloski,12
gamarue,20
gamehack,1
gamup,5
gandcrab,957
gandcrypt,66
ganelp,2232
gaobot,1
gate,1
gbot,46
gc13003b,1
gc280075,4
genasep,1
genasom,1
gendwndrop,4
generic,1
gepys,1124
gi0704e5,5
gigex,5
gimemo,1
glupteba,132
golroted,1
gosys,2
gozi,13
goznym,6
graftor,1
grandcrab,44
gratem,1
gravityrat,1
gupboot,98
gyepis,1
hancitor,1
hematite,1
histboader,1
hpbladabi,1
hpcerber,1
hpgandcrab,3
hpgen,1
hpkasidet,1
hupigon,28
hynamer,3
icedid,5
imestartup,2
imwee,1
inject,1
injector,58
installcore,1
invader,38
ipamor,24
ircbot,271
istartsurf,1
iyeclore,1
jacard,2
jigsaw,1
jomloon,1
juched,51
jushed,5
kaicorn,1
kanav,6
kapucen,1
kazy,1
keylogger,2
killav,2
killfiles,10
kimad,3
kirts,42
klez,18
klone,8
koceg,19
koobface,1
korpode,1
kovter,1
kpot,1
krap,5
krol,1
kryptik,11
kuhaname,1
kuluoz,6
kwbot,41
lamer,1
laqma,6
launcher,2
ldpinch,1
leivion,1
lightmoon,13
limerat,3
lmir,10
lnkwinkap,1
locky,1
lokibot,24
lolbot,6
lore,1
loring,17
ludbaruma,4
lunam,379
lydra,1
macoute,6
madangel,1
maener,14
magania,16
malagent,1
malautoit,1
malex,14
malware,2
malwarex,1
mandaph,1
mansabo,1
masson,1
matsnu,1
meterpreter,27
mewsei,1
midie,3
ming,2
miniduke,13
mintluks,670
mira,1960
miras,13
miuref,8
moarider,17
mocrt,80
mofksys,53
mokes,1
moonlight,15
msposer,6
muldrop,5
musecador,1054
mydoom,303
nabucur,1
nagoot,1
nanobot,1
nanocore,40
necast,1
neconyd,12
nemptycrypt,1
neshta,1
netmail,12
netstream,1
netwalker,1
netwire,6
nitol,165
nivdort,4
njrat,1
noancooe,16
nofear,13
nohad,2
nuj,7
nymaim,8
oberal,22
obfuscator,28
obvod,50
occamy,156
omaneat,21
onlinegames,8
orbus,2
pabin,2
padodor,715
pakes,3
palevo,2
pariham,2
pasgen,1
pcclient,1
pcclient2,1
pepm,1
perseus,2
petya,2
phires,1
phishbank,29
phoetel,1
phorpiex,15
picsys,575
pidgeon,1
pistolar,13
pkeylog,5
pkprn,1
plite,71
plugx,23
pluto,115
pochi,1
poison,10
ponystealer,3
pornoasset,25
portop,1
poullight,1
ppatre,6
predator,3
prepscram,7
presenoker,1
prorat,1
protux,11
provis,6
pterodo,11
pulcare,1
pulobe,1
puwaders,2
pwszbot,34
pyagst,1
pykse,1
pykspa,303
qakbot,42
qbot,9
qhosts,1
qlowzones,51
qqpass,292
quackbot,8
quasarrat,9
qukart,823
racealer,13
randrew,9
ranos,2
ransomx,1
ranumbot,2
rbot,2
rebhip,10
recodrop,1
redaman,1
redosdru,1
registrydisabler,1
ren,5
renamer,1
rescoms,6
revenge,1
revengerat,1
reveton,1
revetrat,11
rifdoor,13
rikihaki,2
rimecud,2
ritros,1
roxer,1
rpcdcom,11
ryuk,1
ryzerlo,1
sagent,4
sakurel,42
salgorea,240
scar,2
senta,41
sephish,1
sessa,2
sfone,4729
shade,1
shakblades,3
shampel,3
shaosmine,4
shifu,131
shipup,5
shyape,3
sillyfdc,21
sillyp2p,1616
sillysharecopy,1
sillywnse,47
simbot,28
simda,85
sirefef,1
sisbot,10
sisproc,1
sivis,34
sixer,1
skeeeyah,67
skeeyah,70
small,3339
smokeloader,868
socelars,1
sockhp,1
socks,89
sodinokibi,3
sohana,1
sohanad,2
soltern,296
somhoveran,3
spiliwan,1
spyagent,1
spyeyes,2
starter,8
startpage,62
stealer,3
stop,1
stormattack,1
stormser,212
stration,158
stratnil,1
svhoder,2
swisyn,2
swrort,3
sysn,1
systex,31
systro,17
sytro,319
teerac,1
tepfer,1
tescrypt,83
tiggre,66
tinba,23
tiny,15
tinyloader,2
tockt,1
tofsee,362
toobpug,16
toraldrop,12
torrentlocker,2
trickbot,13
trickbotcrypt,1
trickster,21
trickybot,3
trojan,16
trojanx,2
turkojan,2
uacskip,1
ulise,5
ulises,2
ulpm,1
unknown,2
unruy,865
unwaders,5
upantix,83
upatre,3901
uphosyfs,8
urelas,677
ursnif,43
ursumdtac,11
userstartup,1
uwasson,1
vawtrak,1
vb,80
vbclone,45
vbinder,13
vbinject,12
vbkrypt,2
vbna,7
vbot,1
verst,1
vflooder,438
victy,1
vigorf,18
vigua,1
viking,3
vilsel,32
vindor,6
virtob,1
virut,7
vmprotbad,2
vobfus,176
vools,1
vtflooder,76
vundo,1
wabot,3673
wacapew,5
wacatac,4694
wadhrama,1
waledac,1
wanna,4
wannacry,1
wannacrypt,5
warezov,3
waski,2
wbna,2
win32,10
wkysol,1
wmnfrbptjsmib,1
woreflint,2
worgtop,1
worm,2
xegumumune,1
xiaobaminer,7
xolxo,3
xorist,3
xtrat,3
yakes,6
ymacco,29
yoddos,14
yoof,5
yunsip,17
zaccess,2
zbot,473
zegost,50
zemot,5
zenpak,2
zonidel,1
