month,ceeinject,drolnux,gandcrab,mira,musecador,sfone,sillyp2p,small,upatre,wabot,TOTAL
2019-08,14,4,27,25,4,12,18,28,97,22,251
2019-09,56,16,161,46,5,40,88,252,357,130,1151
2019-10,31,5,69,75,47,63,78,290,508,91,1257
2019-11,18,2,60,140,97,10,30,127,145,60,689
2019-12,10,2,64,371,165,81,92,141,277,217,1420
2020-01,17,3,65,198,357,112,52,120,407,236,1567
2020-02,20,11,110,54,316,247,119,407,413,178,1875
2020-03,20,4,142,260,44,258,314,499,328,334,2203
2020-04,75,4,143,304,7,274,94,312,705,119,2037
2020-05,81,3,60,93,10,932,18,82,355,109,1743
2020-06,13,176,47,47,0,1559,145,269,99,219,2574
2020-07,262,457,2,148,0,697,205,201,73,531,2576
2020-08,334,84,1,82,1,166,234,381,75,723,2081
2020-09,218,149,6,117,1,278,129,230,62,704,1894
