month,ceeinject,drolnux,gandcrab,mira,musecador,sfone,sillyp2p,small,upatre,wabot
2019-08,-0.6507657849461556,-0.4866082597390761,-0.7807488837330033,-1.0832383465276099,-0.5913296158348003,-0.7399617505730234,-1.1334597341563162,-1.5757651233313734,-0.9288596904047403,-1.0463546985469008
2019-09,-0.2574972530362486,-0.3919899870120335,1.7489314373086446,-0.8854296049877856,-0.5830344108030496,-0.6763649502606741,-0.3190971685601359,0.1010585708549812,0.40069173431930777,-0.5761947270155741
2019-10,-0.4915856648873837,-0.47872340367848926,0.012135993011393757,-0.6122651523851709,-0.23463579946951998,-0.6241247214326728,-0.4354346779310188,0.38551973326159494,1.172854292524428,-0.7459747167352198
2019-11,-0.613311639049974,-0.5023779718602499,-0.15776790914811992,0.0,0.18012445211801525,-0.7445043791667626,-0.9938547229112566,-0.8346689370615114,-0.6834040427633775,-0.8809280418969895
2019-12,-0.6882199308423371,-0.5023779718602499,-0.08225506374389162,2.1758961569380686,0.7441983942770632,-0.5832410640890198,-0.2725621648117828,-0.7298674561748641,-0.0084010117496301,-0.1974547499486721
2020-01,-0.6226751755240193,-0.494493115799663,-0.06337685239283454,0.5463289052052294,2.3368777603731985,-0.5128303208860616,-0.7379122022953143,-0.8870696775048349,0.6563747006123939,-0.1147414216237165
2020-02,-0.5945845661018831,-0.43141426731496796,0.7861426584047337,-0.8100738939249953,1.9967743540714198,-0.20620289080866316,0.041549110489601006,1.261360680671432,0.6870566565675643,-0.3672347396683178
2020-03,-0.5945845661018831,-0.4866082597390761,1.3902454216385602,1.130335665941854,-0.2595214145647721,-0.18121843354309736,2.310130543221817,1.9500561264979703,0.2523956138693178,0.311885219210265
2020-04,-0.07959006002938593,-0.4866082597390761,1.4091236329896173,1.5447920767872003,-0.5664440007395481,-0.14487740479318348,-0.2492946629376062,0.5502077746548976,2.1802451797191873,-0.6240813907826537
2020-05,-0.02340884118511351,-0.494493115799663,-0.15776790914811992,-0.4427148024938928,-0.541558385644296,1.3496474025470253,-1.1334597341563162,-1.1715308399114486,0.39046441566758433,-0.6676147214799987
2020-06,-0.660129321420201,0.8695869826818676,-0.4031846567118619,-0.8760101411049368,-0.6245104359618031,2.7737614666842756,0.3440266348538965,0.22831751193162417,-0.9186323717530168,-0.1887480838092031
2020-07,1.6713912606171046,3.0852315357067814,-1.2527041675094301,0.07535571106279026,-0.6245104359618031,0.8158885427826649,1.0420516910791937,-0.28071825237494774,-1.0515875142254216,1.1694918339479625
2020-08,2.3455658867483735,0.14418022510787448,-1.2715823788604872,-0.5463289052052294,-0.6162152309300524,-0.3901793488551022,1.3794304682547542,1.0667293590248015,-1.0413601955736982,2.0053317833369877
2020-09,1.2593956557591068,0.6566958690460218,-1.177191322105202,-0.21664766930552198,-0.6162152309300524,-0.135792147605705,0.15788661986048388,-0.06362947053832149,-1.1078377668099006,1.922618455012032
